smoking_history,prevalence_before,prevalence_after
No Info,0.040596381505472415,
current,0.10208916648718501,0.10208916648718501
ever,0.11788211788211789,
former,0.17001710863986313,0.1389688431045801
never,0.09534121669753526,0.09534121669753526
not current,0.10702652396463472,
unknown,,0.040596381505472415
